f,g,f_no_neg,g_no_neg,alpha,beta,gamma,n,k_gamma0,k_gamma,d0,d,ratio0,ratio
1 + x^-1 + x^-2*y^-2,x^3*y^-3 + y^2 + 1,x^2*y^2+x*y^2+1,x^3+y^5+y^3,7,3,-6,42,4,4,5,6,2.38,3.43
1 + x^-1 + x^-2*y^-2,x^3*y^-3 + y^2 + 1,x^2*y^2+x*y^2+1,x^3+y^5+y^3,7,3,-4,42,4,4,5,5,2.38,2.38
1 + x^-1 + x^-2*y^-2,x^3*y^-3 + y^2 + 1,x^2*y^2+x*y^2+1,x^3+y^5+y^3,7,3,-2,42,4,4,5,7,2.38,4.67
1 + x^-1 + x^-2*y^-2,x^3*y^-3 + y^2 + 1,x^2*y^2+x*y^2+1,x^3+y^5+y^3,7,3,-1,42,4,4,5,5,2.38,2.38
1 + x^-1 + x^-2*y^-2,x^3*y^-3 + y^2 + 1,x^2*y^2+x*y^2+1,x^3+y^5+y^3,7,3,0,42,4,4,5,5,2.38,2.38
1 + x^-1 + x^-2*y^-2,x^3*y^-3 + y^2 + 1,x^2*y^2+x*y^2+1,x^3+y^5+y^3,7,3,1,42,4,4,5,6,2.38,3.43
1 + x^-1 + x^-2*y^-2,x^3*y^-3 + y^2 + 1,x^2*y^2+x*y^2+1,x^3+y^5+y^3,7,3,3,42,4,4,5,5,2.38,2.38
1 + x^-1 + x^-2*y^-2,x^3*y^-3 + y^2 + 1,x^2*y^2+x*y^2+1,x^3+y^5+y^3,7,3,5,42,4,4,5,7,2.38,4.67
1 + x^-1 + x^-2*y^-2,x^3*y^-3 + y^2 + 1,x^2*y^2+x*y^2+1,x^3+y^5+y^3,7,3,6,42,4,4,5,5,2.38,2.38
1 + x^-1*y^-3 + x^-3,x^3*y^-2 + x^2*y^2 + 1,x^3*y^3+x^2+y^3,x^3+x^2*y^4+y^2,3,7,0,42,4,4,6,6,3.43,3.43
x^3*y + 1 + y^-1,x^3*y^3 + 1 + x^-1*y^3,x^3*y^2+y+1,x^4*y^3+x+y^3,3,7,0,42,4,4,5,5,2.38,2.38
y + 1 + x^-2*y^-3,x^2*y^-3 + 1 + x^-2,x^2*y^4+x^2*y^3+1,x^4+x^2*y^3+y^3,3,7,-2,42,2,4,6,6,1.71,3.43
y + 1 + x^-2*y^-3,x^2*y^-3 + 1 + x^-2,x^2*y^4+x^2*y^3+1,x^4+x^2*y^3+y^3,3,7,1,42,2,4,6,6,1.71,3.43
1 + x^-1 + x^-2,x^2*y^-1 + 1 + y^-2,x^2+x+1,x^2*y+y^2+1,3,7,0,42,4,4,7,7,4.67,4.67
1 + x^-1*y^-2 + x^-2*y^3,x^2*y^2 + 1 + x^-2*y^-1,x^2*y^2+x+y^5,x^4*y^3+x^2*y+1,1,21,0,42,4,4,4,4,1.52,1.52
1 + x^-1*y^-2 + x^-2*y^3,x^2*y^2 + 1 + x^-2*y^-1,x^2*y^2+x+y^5,x^4*y^3+x^2*y+1,7,3,-6,42,4,4,6,4,3.43,1.52
1 + x^-1*y^-2 + x^-2*y^3,x^2*y^2 + 1 + x^-2*y^-1,x^2*y^2+x+y^5,x^4*y^3+x^2*y+1,7,3,-5,42,4,4,6,6,3.43,3.43
1 + x^-1*y^-2 + x^-2*y^3,x^2*y^2 + 1 + x^-2*y^-1,x^2*y^2+x+y^5,x^4*y^3+x^2*y+1,7,3,-4,42,4,4,6,6,3.43,3.43
1 + x^-1*y^-2 + x^-2*y^3,x^2*y^2 + 1 + x^-2*y^-1,x^2*y^2+x+y^5,x^4*y^3+x^2*y+1,7,3,-3,42,4,4,6,6,3.43,3.43
1 + x^-1*y^-2 + x^-2*y^3,x^2*y^2 + 1 + x^-2*y^-1,x^2*y^2+x+y^5,x^4*y^3+x^2*y+1,7,3,-2,42,4,4,6,6,3.43,3.43
1 + x^-1*y^-2 + x^-2*y^3,x^2*y^2 + 1 + x^-2*y^-1,x^2*y^2+x+y^5,x^4*y^3+x^2*y+1,7,3,-1,42,4,4,6,2,3.43,0.38
1 + x^-1*y^-2 + x^-2*y^3,x^2*y^2 + 1 + x^-2*y^-1,x^2*y^2+x+y^5,x^4*y^3+x^2*y+1,7,3,0,42,4,4,6,6,3.43,3.43
1 + x^-1*y^-2 + x^-2*y^3,x^2*y^2 + 1 + x^-2*y^-1,x^2*y^2+x+y^5,x^4*y^3+x^2*y+1,7,3,1,42,4,4,6,4,3.43,1.52
1 + x^-1*y^-2 + x^-2*y^3,x^2*y^2 + 1 + x^-2*y^-1,x^2*y^2+x+y^5,x^4*y^3+x^2*y+1,7,3,2,42,4,4,6,6,3.43,3.43
1 + x^-1*y^-2 + x^-2*y^3,x^2*y^2 + 1 + x^-2*y^-1,x^2*y^2+x+y^5,x^4*y^3+x^2*y+1,7,3,3,42,4,4,6,6,3.43,3.43
1 + x^-1*y^-2 + x^-2*y^3,x^2*y^2 + 1 + x^-2*y^-1,x^2*y^2+x+y^5,x^4*y^3+x^2*y+1,7,3,4,42,4,4,6,6,3.43,3.43
1 + x^-1*y^-2 + x^-2*y^3,x^2*y^2 + 1 + x^-2*y^-1,x^2*y^2+x+y^5,x^4*y^3+x^2*y+1,7,3,5,42,4,4,6,6,3.43,3.43
1 + x^-1*y^-2 + x^-2*y^3,x^2*y^2 + 1 + x^-2*y^-1,x^2*y^2+x+y^5,x^4*y^3+x^2*y+1,7,3,6,42,4,4,6,2,3.43,0.38
x^3*y^-2 + 1 + x^-3*y^-3,1 + x^-1 + x^-2*y^3,x^6*y+x^3*y^3+1,x^2+x+y^3,1,21,0,42,4,4,5,5,2.38,2.38
x^3*y^-2 + 1 + x^-3*y^-3,1 + x^-1 + x^-2*y^3,x^6*y+x^3*y^3+1,x^2+x+y^3,7,3,-6,42,4,4,7,6,4.67,3.43
x^3*y^-2 + 1 + x^-3*y^-3,1 + x^-1 + x^-2*y^3,x^6*y+x^3*y^3+1,x^2+x+y^3,7,3,-5,42,4,4,7,7,4.67,4.67
x^3*y^-2 + 1 + x^-3*y^-3,1 + x^-1 + x^-2*y^3,x^6*y+x^3*y^3+1,x^2+x+y^3,7,3,-1,42,4,4,7,6,4.67,3.43
x^3*y^-2 + 1 + x^-3*y^-3,1 + x^-1 + x^-2*y^3,x^6*y+x^3*y^3+1,x^2+x+y^3,7,3,0,42,4,4,7,7,4.67,4.67
x^3*y^-2 + 1 + x^-3*y^-3,1 + x^-1 + x^-2*y^3,x^6*y+x^3*y^3+1,x^2+x+y^3,7,3,1,42,4,4,7,6,4.67,3.43
x^3*y^-2 + 1 + x^-3*y^-3,1 + x^-1 + x^-2*y^3,x^6*y+x^3*y^3+1,x^2+x+y^3,7,3,2,42,4,4,7,7,4.67,4.67
x^3*y^-2 + 1 + x^-3*y^-3,1 + x^-1 + x^-2*y^3,x^6*y+x^3*y^3+1,x^2+x+y^3,7,3,6,42,4,4,7,6,4.67,3.43
x*y^-3 + 1 + x^-1*y^-3,1 + y^-1 + x^-3*y^2,x^2+x*y^3+1,x^3*y+x^3+y^3,7,3,-6,42,4,4,7,7,4.67,4.67
x*y^-3 + 1 + x^-1*y^-3,1 + y^-1 + x^-3*y^2,x^2+x*y^3+1,x^3*y+x^3+y^3,7,3,-5,42,4,4,7,7,4.67,4.67
x*y^-3 + 1 + x^-1*y^-3,1 + y^-1 + x^-3*y^2,x^2+x*y^3+1,x^3*y+x^3+y^3,7,3,-4,42,4,4,7,5,4.67,2.38
x*y^-3 + 1 + x^-1*y^-3,1 + y^-1 + x^-3*y^2,x^2+x*y^3+1,x^3*y+x^3+y^3,7,3,-1,42,4,4,7,7,4.67,4.67
x*y^-3 + 1 + x^-1*y^-3,1 + y^-1 + x^-3*y^2,x^2+x*y^3+1,x^3*y+x^3+y^3,7,3,0,42,4,4,7,7,4.67,4.67
x*y^-3 + 1 + x^-1*y^-3,1 + y^-1 + x^-3*y^2,x^2+x*y^3+1,x^3*y+x^3+y^3,7,3,1,42,4,4,7,7,4.67,4.67
x*y^-3 + 1 + x^-1*y^-3,1 + y^-1 + x^-3*y^2,x^2+x*y^3+1,x^3*y+x^3+y^3,7,3,2,42,4,4,7,7,4.67,4.67
x*y^-3 + 1 + x^-1*y^-3,1 + y^-1 + x^-3*y^2,x^2+x*y^3+1,x^3*y+x^3+y^3,7,3,3,42,4,4,7,5,4.67,2.38
x*y^-3 + 1 + x^-1*y^-3,1 + y^-1 + x^-3*y^2,x^2+x*y^3+1,x^3*y+x^3+y^3,7,3,6,42,4,4,7,7,4.67,4.67
1 + x^-1*y + x^-2*y^3,x^2*y^-3 + 1 + x^-2*y^-1,x^2+x*y+y^3,x^4+x^2*y^3+y^2,1,21,0,42,4,4,4,4,1.52,1.52
1 + x^-1*y + x^-2*y^3,x^2*y^-3 + 1 + x^-2*y^-1,x^2+x*y+y^3,x^4+x^2*y^3+y^2,7,3,-6,42,4,4,6,6,3.43,3.43
1 + x^-1*y + x^-2*y^3,x^2*y^-3 + 1 + x^-2*y^-1,x^2+x*y+y^3,x^4+x^2*y^3+y^2,7,3,-5,42,4,4,6,6,3.43,3.43
1 + x^-1*y + x^-2*y^3,x^2*y^-3 + 1 + x^-2*y^-1,x^2+x*y+y^3,x^4+x^2*y^3+y^2,7,3,-4,42,4,4,6,4,3.43,1.52
1 + x^-1*y + x^-2*y^3,x^2*y^-3 + 1 + x^-2*y^-1,x^2+x*y+y^3,x^4+x^2*y^3+y^2,7,3,-3,42,4,4,6,8,3.43,6.10
1 + x^-1*y + x^-2*y^3,x^2*y^-3 + 1 + x^-2*y^-1,x^2+x*y+y^3,x^4+x^2*y^3+y^2,7,3,-2,42,4,4,6,8,3.43,6.10
1 + x^-1*y + x^-2*y^3,x^2*y^-3 + 1 + x^-2*y^-1,x^2+x*y+y^3,x^4+x^2*y^3+y^2,7,3,-1,42,4,4,6,2,3.43,0.38
1 + x^-1*y + x^-2*y^3,x^2*y^-3 + 1 + x^-2*y^-1,x^2+x*y+y^3,x^4+x^2*y^3+y^2,7,3,0,42,4,4,6,6,3.43,3.43
1 + x^-1*y + x^-2*y^3,x^2*y^-3 + 1 + x^-2*y^-1,x^2+x*y+y^3,x^4+x^2*y^3+y^2,7,3,1,42,4,4,6,6,3.43,3.43
1 + x^-1*y + x^-2*y^3,x^2*y^-3 + 1 + x^-2*y^-1,x^2+x*y+y^3,x^4+x^2*y^3+y^2,7,3,2,42,4,4,6,6,3.43,3.43
1 + x^-1*y + x^-2*y^3,x^2*y^-3 + 1 + x^-2*y^-1,x^2+x*y+y^3,x^4+x^2*y^3+y^2,7,3,3,42,4,4,6,4,3.43,1.52
1 + x^-1*y + x^-2*y^3,x^2*y^-3 + 1 + x^-2*y^-1,x^2+x*y+y^3,x^4+x^2*y^3+y^2,7,3,4,42,4,4,6,8,3.43,6.10
1 + x^-1*y + x^-2*y^3,x^2*y^-3 + 1 + x^-2*y^-1,x^2+x*y+y^3,x^4+x^2*y^3+y^2,7,3,5,42,4,4,6,8,3.43,6.10
1 + x^-1*y + x^-2*y^3,x^2*y^-3 + 1 + x^-2*y^-1,x^2+x*y+y^3,x^4+x^2*y^3+y^2,7,3,6,42,4,4,6,2,3.43,0.38
1 + x^-3*y + x^-3*y^-1,x + 1 + x^-1*y^2,x^3*y+y^2+1,x^2+x+y^2,7,3,-5,42,4,4,7,6,4.67,3.43
1 + x^-3*y + x^-3*y^-1,x + 1 + x^-1*y^2,x^3*y+y^2+1,x^2+x+y^2,7,3,-4,42,4,4,7,5,4.67,2.38
1 + x^-3*y + x^-3*y^-1,x + 1 + x^-1*y^2,x^3*y+y^2+1,x^2+x+y^2,7,3,-3,42,4,4,7,6,4.67,3.43
1 + x^-3*y + x^-3*y^-1,x + 1 + x^-1*y^2,x^3*y+y^2+1,x^2+x+y^2,7,3,-2,42,4,4,7,6,4.67,3.43
1 + x^-3*y + x^-3*y^-1,x + 1 + x^-1*y^2,x^3*y+y^2+1,x^2+x+y^2,7,3,0,42,4,4,7,7,4.67,4.67
1 + x^-3*y + x^-3*y^-1,x + 1 + x^-1*y^2,x^3*y+y^2+1,x^2+x+y^2,7,3,2,42,4,4,7,6,4.67,3.43
1 + x^-3*y + x^-3*y^-1,x + 1 + x^-1*y^2,x^3*y+y^2+1,x^2+x+y^2,7,3,3,42,4,4,7,5,4.67,2.38
1 + x^-3*y + x^-3*y^-1,x + 1 + x^-1*y^2,x^3*y+y^2+1,x^2+x+y^2,7,3,4,42,4,4,7,6,4.67,3.43
1 + x^-3*y + x^-3*y^-1,x + 1 + x^-1*y^2,x^3*y+y^2+1,x^2+x+y^2,7,3,5,42,4,4,7,6,4.67,3.43
x*y^2 + 1 + x^-1*y,1 + x^-1 + x^-2*y,x^2*y^2+x+y,x^2+x+y,1,21,0,42,4,4,2,2,0.38,0.38
x*y^2 + 1 + x^-1*y,1 + x^-1 + x^-2*y,x^2*y^2+x+y,x^2+x+y,7,3,-6,42,4,4,6,6,3.43,3.43
x*y^2 + 1 + x^-1*y,1 + x^-1 + x^-2*y,x^2*y^2+x+y,x^2+x+y,7,3,-5,42,4,4,6,7,3.43,4.67
x*y^2 + 1 + x^-1*y,1 + x^-1 + x^-2*y,x^2*y^2+x+y,x^2+x+y,7,3,-4,42,4,4,6,6,3.43,3.43
x*y^2 + 1 + x^-1*y,1 + x^-1 + x^-2*y,x^2*y^2+x+y,x^2+x+y,7,3,-3,42,4,4,6,6,3.43,3.43
x*y^2 + 1 + x^-1*y,1 + x^-1 + x^-2*y,x^2*y^2+x+y,x^2+x+y,7,3,-2,42,4,4,6,6,3.43,3.43
x*y^2 + 1 + x^-1*y,1 + x^-1 + x^-2*y,x^2*y^2+x+y,x^2+x+y,7,3,-1,42,4,4,6,6,3.43,3.43
x*y^2 + 1 + x^-1*y,1 + x^-1 + x^-2*y,x^2*y^2+x+y,x^2+x+y,7,3,0,42,4,4,6,6,3.43,3.43
x*y^2 + 1 + x^-1*y,1 + x^-1 + x^-2*y,x^2*y^2+x+y,x^2+x+y,7,3,1,42,4,4,6,6,3.43,3.43
x*y^2 + 1 + x^-1*y,1 + x^-1 + x^-2*y,x^2*y^2+x+y,x^2+x+y,7,3,2,42,4,4,6,7,3.43,4.67
x*y^2 + 1 + x^-1*y,1 + x^-1 + x^-2*y,x^2*y^2+x+y,x^2+x+y,7,3,3,42,4,4,6,6,3.43,3.43
x*y^2 + 1 + x^-1*y,1 + x^-1 + x^-2*y,x^2*y^2+x+y,x^2+x+y,7,3,4,42,4,4,6,6,3.43,3.43
x*y^2 + 1 + x^-1*y,1 + x^-1 + x^-2*y,x^2*y^2+x+y,x^2+x+y,7,3,5,42,4,4,6,6,3.43,3.43
x*y^2 + 1 + x^-1*y,1 + x^-1 + x^-2*y,x^2*y^2+x+y,x^2+x+y,7,3,6,42,4,4,6,6,3.43,3.43
x^3*y^-1 + 1 + x^-2*y^-1,x^2*y^3 + 1 + x^-1*y^-2,x^5+x^2*y+1,x^3*y^5+x*y^2+1,3,7,-2,42,2,4,7,6,2.33,3.43
x^3*y^-1 + 1 + x^-2*y^-1,x^2*y^3 + 1 + x^-1*y^-2,x^5+x^2*y+1,x^3*y^5+x*y^2+1,3,7,1,42,2,4,7,6,2.33,3.43
1 + x^-2 + x^-3*y^-3,x^3*y^2 + 1 + y^-2,x^3*y^3+x*y^3+1,x^3*y^4+y^2+1,3,7,0,42,4,4,7,7,4.67,4.67
1 + y^-2 + x^-1*y^-2,x^2*y + 1 + x^-1*y^-3,x*y^2+x+1,x^3*y^4+x*y^3+1,3,7,-2,42,2,4,7,8,2.33,6.10
1 + y^-2 + x^-1*y^-2,x^2*y + 1 + x^-1*y^-3,x*y^2+x+1,x^3*y^4+x*y^3+1,3,7,1,42,2,4,7,8,2.33,6.10
x^2*y^3 + 1 + x^-2*y^-2,1 + x^-1 + x^-2*y^-3,x^4*y^5+x^2*y^2+1,x^2*y^3+x*y^3+1,1,21,0,42,4,4,4,4,1.52,1.52
x^2*y^3 + 1 + x^-2*y^-2,1 + x^-1 + x^-2*y^-3,x^4*y^5+x^2*y^2+1,x^2*y^3+x*y^3+1,7,3,-6,42,4,4,6,6,3.43,3.43
x^2*y^3 + 1 + x^-2*y^-2,1 + x^-1 + x^-2*y^-3,x^4*y^5+x^2*y^2+1,x^2*y^3+x*y^3+1,7,3,-5,42,4,4,6,4,3.43,1.52
x^2*y^3 + 1 + x^-2*y^-2,1 + x^-1 + x^-2*y^-3,x^4*y^5+x^2*y^2+1,x^2*y^3+x*y^3+1,7,3,-4,42,4,4,6,6,3.43,3.43
x^2*y^3 + 1 + x^-2*y^-2,1 + x^-1 + x^-2*y^-3,x^4*y^5+x^2*y^2+1,x^2*y^3+x*y^3+1,7,3,-3,42,4,4,6,4,3.43,1.52
x^2*y^3 + 1 + x^-2*y^-2,1 + x^-1 + x^-2*y^-3,x^4*y^5+x^2*y^2+1,x^2*y^3+x*y^3+1,7,3,-2,42,4,4,6,2,3.43,0.38
x^2*y^3 + 1 + x^-2*y^-2,1 + x^-1 + x^-2*y^-3,x^4*y^5+x^2*y^2+1,x^2*y^3+x*y^3+1,7,3,-1,42,4,4,6,4,3.43,1.52
x^2*y^3 + 1 + x^-2*y^-2,1 + x^-1 + x^-2*y^-3,x^4*y^5+x^2*y^2+1,x^2*y^3+x*y^3+1,7,3,0,42,4,4,6,6,3.43,3.43
x^2*y^3 + 1 + x^-2*y^-2,1 + x^-1 + x^-2*y^-3,x^4*y^5+x^2*y^2+1,x^2*y^3+x*y^3+1,7,3,1,42,4,4,6,6,3.43,3.43
x^2*y^3 + 1 + x^-2*y^-2,1 + x^-1 + x^-2*y^-3,x^4*y^5+x^2*y^2+1,x^2*y^3+x*y^3+1,7,3,2,42,4,4,6,4,3.43,1.52
x^2*y^3 + 1 + x^-2*y^-2,1 + x^-1 + x^-2*y^-3,x^4*y^5+x^2*y^2+1,x^2*y^3+x*y^3+1,7,3,3,42,4,4,6,6,3.43,3.43
x^2*y^3 + 1 + x^-2*y^-2,1 + x^-1 + x^-2*y^-3,x^4*y^5+x^2*y^2+1,x^2*y^3+x*y^3+1,7,3,4,42,4,4,6,4,3.43,1.52
x^2*y^3 + 1 + x^-2*y^-2,1 + x^-1 + x^-2*y^-3,x^4*y^5+x^2*y^2+1,x^2*y^3+x*y^3+1,7,3,5,42,4,4,6,2,3.43,0.38
x^2*y^3 + 1 + x^-2*y^-2,1 + x^-1 + x^-2*y^-3,x^4*y^5+x^2*y^2+1,x^2*y^3+x*y^3+1,7,3,6,42,4,4,6,4,3.43,1.52
x^3*y^3 + x^3*y^2 + 1,x*y^-2 + 1 + x^-1,x^3*y^3+x^3*y^2+1,x^2+x*y^2+y^2,7,3,-6,42,4,4,7,7,4.67,4.67
x^3*y^3 + x^3*y^2 + 1,x*y^-2 + 1 + x^-1,x^3*y^3+x^3*y^2+1,x^2+x*y^2+y^2,7,3,-3,42,4,4,7,5,4.67,2.38
x^3*y^3 + x^3*y^2 + 1,x*y^-2 + 1 + x^-1,x^3*y^3+x^3*y^2+1,x^2+x*y^2+y^2,7,3,-2,42,4,4,7,6,4.67,3.43
x^3*y^3 + x^3*y^2 + 1,x*y^-2 + 1 + x^-1,x^3*y^3+x^3*y^2+1,x^2+x*y^2+y^2,7,3,-1,42,4,4,7,7,4.67,4.67
x^3*y^3 + x^3*y^2 + 1,x*y^-2 + 1 + x^-1,x^3*y^3+x^3*y^2+1,x^2+x*y^2+y^2,7,3,0,42,4,4,7,7,4.67,4.67
x^3*y^3 + x^3*y^2 + 1,x*y^-2 + 1 + x^-1,x^3*y^3+x^3*y^2+1,x^2+x*y^2+y^2,7,3,1,42,4,4,7,7,4.67,4.67
x^3*y^3 + x^3*y^2 + 1,x*y^-2 + 1 + x^-1,x^3*y^3+x^3*y^2+1,x^2+x*y^2+y^2,7,3,4,42,4,4,7,5,4.67,2.38
x^3*y^3 + x^3*y^2 + 1,x*y^-2 + 1 + x^-1,x^3*y^3+x^3*y^2+1,x^2+x*y^2+y^2,7,3,5,42,4,4,7,6,4.67,3.43
x^3*y^3 + x^3*y^2 + 1,x*y^-2 + 1 + x^-1,x^3*y^3+x^3*y^2+1,x^2+x*y^2+y^2,7,3,6,42,4,4,7,7,4.67,4.67
1 + x^-1*y^2 + x^-2*y,1 + x^-2*y^2 + x^-2*y^-3,x^2+x*y^2+y,x^2*y^3+y^5+1,3,7,-2,42,2,4,7,7,2.33,4.67
1 + x^-1*y^2 + x^-2*y,1 + x^-2*y^2 + x^-2*y^-3,x^2+x*y^2+y,x^2*y^3+y^5+1,3,7,1,42,2,4,7,7,2.33,4.67
1 + x^-1*y^2 + x^-2*y,1 + x^-2*y^2 + x^-2*y^-3,x^2+x*y^2+y,x^2*y^3+y^5+1,21,1,-17,42,2,4,7,6,2.33,3.43
1 + x^-1*y^2 + x^-2*y,1 + x^-2*y^2 + x^-2*y^-3,x^2+x*y^2+y,x^2*y^3+y^5+1,21,1,-14,42,2,4,7,5,2.33,2.38
1 + x^-1*y^2 + x^-2*y,1 + x^-2*y^2 + x^-2*y^-3,x^2+x*y^2+y,x^2*y^3+y^5+1,21,1,-8,42,2,4,7,7,2.33,4.67
1 + x^-1*y^2 + x^-2*y,1 + x^-2*y^2 + x^-2*y^-3,x^2+x*y^2+y,x^2*y^3+y^5+1,21,1,-5,42,2,4,7,6,2.33,3.43
1 + x^-1*y^2 + x^-2*y,1 + x^-2*y^2 + x^-2*y^-3,x^2+x*y^2+y,x^2*y^3+y^5+1,21,1,4,42,2,4,7,6,2.33,3.43
1 + x^-1*y^2 + x^-2*y,1 + x^-2*y^2 + x^-2*y^-3,x^2+x*y^2+y,x^2*y^3+y^5+1,21,1,7,42,2,4,7,5,2.33,2.38
1 + x^-1*y^2 + x^-2*y,1 + x^-2*y^2 + x^-2*y^-3,x^2+x*y^2+y,x^2*y^3+y^5+1,21,1,13,42,2,4,7,7,2.33,4.67
1 + x^-1*y^2 + x^-2*y,1 + x^-2*y^2 + x^-2*y^-3,x^2+x*y^2+y,x^2*y^3+y^5+1,21,1,16,42,2,4,7,6,2.33,3.43
x^3*y^2 + x^3*y + 1,1 + y^-1 + x^-2*y^-1,x^3*y^2+x^3*y+1,x^2*y+x^2+1,3,7,-2,42,2,4,8,6,3.05,3.43
x^3*y^2 + x^3*y + 1,1 + y^-1 + x^-2*y^-1,x^3*y^2+x^3*y+1,x^2*y+x^2+1,3,7,1,42,2,4,8,6,3.05,3.43
x^3*y^2 + x^2*y^2 + 1,x^2*y^-3 + x*y^-3 + 1,x^3*y^2+x^2*y^2+1,x^2+x+y^3,3,7,-1,42,2,4,7,4,2.33,1.52
x^3*y^2 + x^2*y^2 + 1,x^2*y^-3 + x*y^-3 + 1,x^3*y^2+x^2*y^2+1,x^2+x+y^3,3,7,2,42,2,4,7,4,2.33,1.52
x^2*y^-1 + x*y^-2 + 1,1 + x^-1*y^3 + x^-1*y,x^2*y+x+y^2,x+y^3+y,3,7,-2,42,2,4,5,5,1.19,2.38
x^2*y^-1 + x*y^-2 + 1,1 + x^-1*y^3 + x^-1*y,x^2*y+x+y^2,x+y^3+y,3,7,1,42,2,4,5,5,1.19,2.38
x^2*y^-1 + x*y^-2 + 1,1 + x^-1*y^3 + x^-1*y,x^2*y+x+y^2,x+y^3+y,21,1,-17,42,2,4,5,7,1.19,4.67
x^2*y^-1 + x*y^-2 + 1,1 + x^-1*y^3 + x^-1*y,x^2*y+x+y^2,x+y^3+y,21,1,-14,42,2,4,5,7,1.19,4.67
x^2*y^-1 + x*y^-2 + 1,1 + x^-1*y^3 + x^-1*y,x^2*y+x+y^2,x+y^3+y,21,1,-8,42,2,4,5,7,1.19,4.67
x^2*y^-1 + x*y^-2 + 1,1 + x^-1*y^3 + x^-1*y,x^2*y+x+y^2,x+y^3+y,21,1,-5,42,2,4,5,6,1.19,3.43
x^2*y^-1 + x*y^-2 + 1,1 + x^-1*y^3 + x^-1*y,x^2*y+x+y^2,x+y^3+y,21,1,4,42,2,4,5,7,1.19,4.67
x^2*y^-1 + x*y^-2 + 1,1 + x^-1*y^3 + x^-1*y,x^2*y+x+y^2,x+y^3+y,21,1,7,42,2,4,5,7,1.19,4.67
x^2*y^-1 + x*y^-2 + 1,1 + x^-1*y^3 + x^-1*y,x^2*y+x+y^2,x+y^3+y,21,1,13,42,2,4,5,7,1.19,4.67
x^2*y^-1 + x*y^-2 + 1,1 + x^-1*y^3 + x^-1*y,x^2*y+x+y^2,x+y^3+y,21,1,16,42,2,4,5,6,1.19,3.43
x^2*y^-3 + 1 + y^-1,x*y^-2 + y^3 + 1,x^2+y^3+y^2,x+y^5+y^2,21,1,-20,42,2,4,7,7,2.33,4.67
x^2*y^-3 + 1 + y^-1,x*y^-2 + y^3 + 1,x^2+y^3+y^2,x+y^5+y^2,21,1,-17,42,2,4,7,6,2.33,3.43
x^2*y^-3 + 1 + y^-1,x*y^-2 + y^3 + 1,x^2+y^3+y^2,x+y^5+y^2,21,1,-14,42,2,4,7,7,2.33,4.67
x^2*y^-3 + 1 + y^-1,x*y^-2 + y^3 + 1,x^2+y^3+y^2,x+y^5+y^2,21,1,-11,42,2,4,7,6,2.33,3.43
x^2*y^-3 + 1 + y^-1,x*y^-2 + y^3 + 1,x^2+y^3+y^2,x+y^5+y^2,21,1,-8,42,2,4,7,7,2.33,4.67
x^2*y^-3 + 1 + y^-1,x*y^-2 + y^3 + 1,x^2+y^3+y^2,x+y^5+y^2,21,1,1,42,2,4,7,7,2.33,4.67
x^2*y^-3 + 1 + y^-1,x*y^-2 + y^3 + 1,x^2+y^3+y^2,x+y^5+y^2,21,1,4,42,2,4,7,6,2.33,3.43
x^2*y^-3 + 1 + y^-1,x*y^-2 + y^3 + 1,x^2+y^3+y^2,x+y^5+y^2,21,1,7,42,2,4,7,7,2.33,4.67
x^2*y^-3 + 1 + y^-1,x*y^-2 + y^3 + 1,x^2+y^3+y^2,x+y^5+y^2,21,1,10,42,2,4,7,6,2.33,3.43
x^2*y^-3 + 1 + y^-1,x*y^-2 + y^3 + 1,x^2+y^3+y^2,x+y^5+y^2,21,1,13,42,2,4,7,7,2.33,4.67
1 + x^-2*y^3 + x^-3*y,1 + x^-1*y^2 + x^-3,x^3+x*y^3+y,x^3+x^2*y^2+1,3,7,-2,42,2,4,8,7,3.05,4.67
1 + x^-2*y^3 + x^-3*y,1 + x^-1*y^2 + x^-3,x^3+x*y^3+y,x^3+x^2*y^2+1,3,7,1,42,2,4,8,7,3.05,4.67
